model,steering_mechanism,layer,alpha,n,ER_mean,ER_pct_0,ER_pct_1,ER_pct_2,delta_vs_unsteered,delta_vs_alpha0,EX_mean,EX_pct_0,EX_pct_1,EX_pct_2,IP_mean,IP_pct_0,IP_pct_1,IP_pct_2
llama31,ER,3,-1.0,200,0.835,0.24,0.685,0.075,-0.025,-0.025,,,,,,,,
llama31,ER,3,0.0,200,0.86,0.22,0.7,0.08,0.0,0.0,,,,,,,,
llama31,ER,3,1.0,200,0.86,0.235,0.67,0.095,0.0,0.0,,,,,,,,
llama31,ER,3,2.0,200,0.895,0.185,0.735,0.08,0.035,0.035,,,,,,,,
llama31,ER,7,-1.0,200,0.79,0.305,0.6,0.095,-0.0699999999999999,-0.0699999999999999,,,,,,,,
llama31,ER,7,0.0,200,0.86,0.22,0.7,0.08,0.0,0.0,,,,,,,,
llama31,ER,7,1.0,200,0.885,0.185,0.745,0.07,0.025,0.025,,,,,,,,
llama31,ER,7,2.0,200,0.945,0.155,0.745,0.1,0.0849999999999999,0.0849999999999999,,,,,,,,
llama31,ER,11,-1.0,200,0.755,0.33,0.585,0.085,-0.1049999999999999,-0.1049999999999999,,,,,,,,
llama31,ER,11,0.0,200,0.86,0.22,0.7,0.08,0.0,0.0,,,,,,,,
llama31,ER,11,1.0,200,0.855,0.215,0.715,0.07,-0.005,-0.005,,,,,,,,
llama31,ER,11,2.0,200,0.925,0.125,0.825,0.05,0.065,0.065,,,,,,,,
llama31,ER,15,-1.0,200,0.645,0.4,0.555,0.045,-0.2149999999999999,-0.2149999999999999,,,,,,,,
llama31,ER,15,0.0,200,0.86,0.22,0.7,0.08,0.0,0.0,,,,,,,,
llama31,ER,15,1.0,200,0.94,0.13,0.8,0.07,0.0799999999999999,0.0799999999999999,,,,,,,,
llama31,ER,15,2.0,200,0.925,0.09,0.895,0.015,0.065,0.065,,,,,,,,
llama31,ER,19,-1.0,200,0.69,0.36,0.59,0.05,-0.17,-0.17,,,,,,,,
llama31,ER,19,0.0,200,0.86,0.22,0.7,0.08,0.0,0.0,,,,,,,,
llama31,ER,19,1.0,200,0.92,0.155,0.77,0.075,0.06,0.06,,,,,,,,
llama31,ER,19,2.0,200,0.91,0.125,0.84,0.035,0.05,0.05,,,,,,,,
llama31,ER,23,-1.0,200,0.77,0.32,0.59,0.09,-0.0899999999999999,-0.0899999999999999,,,,,,,,
llama31,ER,23,0.0,200,0.86,0.22,0.7,0.08,0.0,0.0,,,,,,,,
llama31,ER,23,1.0,200,0.835,0.19,0.785,0.025,-0.025,-0.025,,,,,,,,
llama31,ER,23,2.0,200,0.85,0.185,0.78,0.035,-0.01,-0.01,,,,,,,,
llama31,ER,27,-1.0,200,0.79,0.285,0.64,0.075,-0.0699999999999999,-0.0699999999999999,,,,,,,,
llama31,ER,27,0.0,200,0.86,0.22,0.7,0.08,0.0,0.0,,,,,,,,
llama31,ER,27,1.0,200,0.89,0.16,0.79,0.05,0.03,0.03,,,,,,,,
llama31,ER,27,2.0,200,0.865,0.15,0.835,0.015,0.005,0.005,,,,,,,,
llama31,ER,31,-1.0,200,0.735,0.395,0.475,0.13,-0.125,-0.125,,,,,,,,
llama31,ER,31,0.0,200,0.86,0.22,0.7,0.08,0.0,0.0,,,,,,,,
llama31,ER,31,1.0,200,0.795,0.215,0.775,0.01,-0.0649999999999999,-0.0649999999999999,,,,,,,,
llama31,ER,31,2.0,200,0.395,0.61,0.385,0.005,-0.4649999999999999,-0.4649999999999999,,,,,,,,
qwen25,ER,3,-1.0,200,1.07,0.2,0.53,0.27,-0.0649999999999999,-0.0649999999999999,,,,,,,,
qwen25,ER,3,0.0,200,1.135,0.15,0.565,0.285,0.0,0.0,,,,,,,,
qwen25,ER,3,1.0,200,1.15,0.165,0.52,0.315,0.0149999999999999,0.0149999999999999,,,,,,,,
qwen25,ER,3,2.0,200,1.16,0.155,0.53,0.315,0.0249999999999999,0.0249999999999999,,,,,,,,
qwen25,ER,7,-1.0,200,1.035,0.215,0.535,0.25,-0.1,-0.1,,,,,,,,
qwen25,ER,7,0.0,200,1.135,0.15,0.565,0.285,0.0,0.0,,,,,,,,
qwen25,ER,7,1.0,200,1.165,0.125,0.585,0.29,0.03,0.03,,,,,,,,
qwen25,ER,7,2.0,200,1.18,0.115,0.59,0.295,0.0449999999999999,0.0449999999999999,,,,,,,,
qwen25,ER,11,-1.0,200,1.035,0.235,0.495,0.27,-0.1,-0.1,,,,,,,,
qwen25,ER,11,0.0,200,1.135,0.15,0.565,0.285,0.0,0.0,,,,,,,,
qwen25,ER,11,1.0,200,1.17,0.105,0.62,0.275,0.0349999999999999,0.0349999999999999,,,,,,,,
qwen25,ER,11,2.0,200,1.145,0.085,0.685,0.23,0.01,0.01,,,,,,,,
qwen25,ER,15,-1.0,200,0.88,0.31,0.5,0.19,-0.255,-0.255,,,,,,,,
qwen25,ER,15,0.0,200,1.135,0.15,0.565,0.285,0.0,0.0,,,,,,,,
qwen25,ER,15,1.0,200,1.235,0.105,0.555,0.34,0.1,0.1,,,,,,,,
qwen25,ER,15,2.0,200,1.37,0.03,0.57,0.4,0.2350000000000001,0.2350000000000001,,,,,,,,
qwen25,ER,19,-1.0,200,0.87,0.27,0.59,0.14,-0.265,-0.265,,,,,,,,
qwen25,ER,19,0.0,200,1.135,0.15,0.565,0.285,0.0,0.0,,,,,,,,
qwen25,ER,19,1.0,200,1.26,0.09,0.56,0.35,0.125,0.125,,,,,,,,
qwen25,ER,19,2.0,200,1.345,0.045,0.565,0.39,0.2099999999999999,0.2099999999999999,,,,,,,,
qwen25,ER,23,-1.0,200,1.015,0.185,0.615,0.2,-0.1200000000000001,-0.1200000000000001,,,,,,,,
qwen25,ER,23,0.0,200,1.135,0.15,0.565,0.285,0.0,0.0,,,,,,,,
qwen25,ER,23,1.0,200,1.235,0.115,0.535,0.35,0.1,0.1,,,,,,,,
qwen25,ER,23,2.0,200,1.265,0.1,0.535,0.365,0.1299999999999999,0.1299999999999999,,,,,,,,
qwen25,ER,27,-1.0,200,1.14,0.18,0.5,0.32,0.0049999999999998,0.0049999999999998,,,,,,,,
qwen25,ER,27,0.0,200,1.135,0.15,0.565,0.285,0.0,0.0,,,,,,,,
qwen25,ER,27,1.0,200,1.03,0.2,0.57,0.23,-0.1049999999999999,-0.1049999999999999,,,,,,,,
qwen25,ER,27,2.0,200,0.89,0.27,0.57,0.16,-0.245,-0.245,,,,,,,,
mistral7b,ER,3,-1.0,200,1.015,0.19,0.605,0.205,-0.0150000000000001,-0.0150000000000001,,,,,,,,
mistral7b,ER,3,0.0,200,1.03,0.175,0.62,0.205,0.0,0.0,,,,,,,,
mistral7b,ER,3,1.0,200,1.045,0.18,0.595,0.225,0.0149999999999999,0.0149999999999999,,,,,,,,
mistral7b,ER,3,2.0,200,1.09,0.135,0.64,0.225,0.06,0.06,,,,,,,,
mistral7b,ER,7,-1.0,200,0.935,0.255,0.555,0.19,-0.0949999999999999,-0.0949999999999999,,,,,,,,
mistral7b,ER,7,0.0,200,1.03,0.175,0.62,0.205,0.0,0.0,,,,,,,,
mistral7b,ER,7,1.0,200,1.045,0.17,0.615,0.215,0.0149999999999999,0.0149999999999999,,,,,,,,
mistral7b,ER,7,2.0,200,1.165,0.105,0.625,0.27,0.135,0.135,,,,,,,,
mistral7b,ER,11,-1.0,200,0.885,0.305,0.505,0.19,-0.145,-0.145,,,,,,,,
mistral7b,ER,11,0.0,200,1.03,0.175,0.62,0.205,0.0,0.0,,,,,,,,
mistral7b,ER,11,1.0,200,1.06,0.135,0.67,0.195,0.03,0.03,,,,,,,,
mistral7b,ER,11,2.0,200,1.13,0.08,0.71,0.21,0.0999999999999998,0.0999999999999998,,,,,,,,
mistral7b,ER,15,-1.0,200,0.74,0.355,0.55,0.095,-0.29,-0.29,,,,,,,,
mistral7b,ER,15,0.0,200,1.03,0.175,0.62,0.205,0.0,0.0,,,,,,,,
mistral7b,ER,15,1.0,200,1.15,0.105,0.64,0.255,0.1199999999999998,0.1199999999999998,,,,,,,,
mistral7b,ER,15,2.0,200,1.185,0.01,0.795,0.195,0.155,0.155,,,,,,,,
mistral7b,ER,19,-1.0,200,0.825,0.315,0.545,0.14,-0.205,-0.205,,,,,,,,
mistral7b,ER,19,0.0,200,1.03,0.175,0.62,0.205,0.0,0.0,,,,,,,,
mistral7b,ER,19,1.0,200,1.14,0.09,0.68,0.23,0.1099999999999998,0.1099999999999998,,,,,,,,
mistral7b,ER,19,2.0,200,1.145,0.065,0.725,0.21,0.1149999999999999,0.1149999999999999,,,,,,,,
mistral7b,ER,23,-1.0,200,0.855,0.28,0.585,0.135,-0.175,-0.175,,,,,,,,
mistral7b,ER,23,0.0,200,1.03,0.175,0.62,0.205,0.0,0.0,,,,,,,,
mistral7b,ER,23,1.0,200,1.11,0.135,0.62,0.245,0.08,0.08,,,,,,,,
mistral7b,ER,23,2.0,200,1.055,0.12,0.705,0.175,0.0249999999999999,0.0249999999999999,,,,,,,,
mistral7b,ER,27,-1.0,200,0.94,0.23,0.6,0.17,-0.09,-0.09,,,,,,,,
mistral7b,ER,27,0.0,200,1.03,0.175,0.62,0.205,0.0,0.0,,,,,,,,
mistral7b,ER,27,1.0,200,1.07,0.16,0.61,0.23,0.04,0.04,,,,,,,,
mistral7b,ER,27,2.0,200,0.955,0.18,0.685,0.135,-0.075,-0.075,,,,,,,,
mistral7b,ER,31,-1.0,200,0.0,1.0,0.0,0.0,-1.03,-1.03,,,,,,,,
mistral7b,ER,31,0.0,200,1.03,0.175,0.62,0.205,0.0,0.0,,,,,,,,
mistral7b,ER,31,1.0,200,0.005,0.995,0.005,0.0,-1.025,-1.025,,,,,,,,
mistral7b,ER,31,2.0,200,0.0,1.0,0.0,0.0,-1.03,-1.03,,,,,,,,
llama31,EX,3,-1.0,200,,,,,0.03,0.03,0.18,0.91,0.0,0.09,,,,
llama31,EX,3,0.0,200,,,,,0.0,0.0,0.15,0.925,0.0,0.075,,,,
llama31,EX,3,1.0,200,,,,,0.06,0.06,0.21,0.895,0.0,0.105,,,,
llama31,EX,3,2.0,200,,,,,0.09,0.09,0.24,0.88,0.0,0.12,,,,
llama31,EX,7,-1.0,200,,,,,0.08,0.08,0.23,0.885,0.0,0.115,,,,
llama31,EX,7,0.0,200,,,,,0.0,0.0,0.15,0.925,0.0,0.075,,,,
llama31,EX,7,1.0,200,,,,,0.3,0.3,0.45,0.775,0.0,0.225,,,,
llama31,EX,7,2.0,200,,,,,1.15,1.15,1.3,0.35,0.0,0.65,,,,
llama31,EX,11,-1.0,200,,,,,0.03,0.03,0.18,0.91,0.0,0.09,,,,
llama31,EX,11,0.0,200,,,,,0.0,0.0,0.15,0.925,0.0,0.075,,,,
llama31,EX,11,1.0,200,,,,,0.49,0.49,0.64,0.68,0.0,0.32,,,,
llama31,EX,11,2.0,200,,,,,1.26,1.26,1.41,0.295,0.0,0.705,,,,
llama31,EX,15,-1.0,200,,,,,-0.1099999999999999,-0.1099999999999999,0.04,0.98,0.0,0.02,,,,
llama31,EX,15,0.0,200,,,,,0.0,0.0,0.15,0.925,0.0,0.075,,,,
llama31,EX,15,1.0,200,,,,,0.57,0.57,0.72,0.64,0.0,0.36,,,,
llama31,EX,15,2.0,200,,,,,0.93,0.93,1.08,0.46,0.0,0.54,,,,
llama31,EX,19,-1.0,200,,,,,-0.0399999999999999,-0.0399999999999999,0.11,0.945,0.0,0.055,,,,
llama31,EX,19,0.0,200,,,,,0.0,0.0,0.15,0.925,0.0,0.075,,,,
llama31,EX,19,1.0,200,,,,,0.5399999999999999,0.5399999999999999,0.69,0.655,0.0,0.345,,,,
llama31,EX,19,2.0,200,,,,,1.56,1.56,1.71,0.145,0.0,0.855,,,,
llama31,EX,23,-1.0,200,,,,,-0.12,-0.12,0.03,0.985,0.0,0.015,,,,
llama31,EX,23,0.0,200,,,,,0.0,0.0,0.15,0.925,0.0,0.075,,,,
llama31,EX,23,1.0,200,,,,,0.3199999999999999,0.3199999999999999,0.47,0.765,0.0,0.235,,,,
llama31,EX,23,2.0,200,,,,,0.97,0.97,1.12,0.44,0.0,0.56,,,,
llama31,EX,27,-1.0,200,,,,,-0.06,-0.06,0.09,0.955,0.0,0.045,,,,
llama31,EX,27,0.0,200,,,,,0.0,0.0,0.15,0.925,0.0,0.075,,,,
llama31,EX,27,1.0,200,,,,,0.31,0.31,0.46,0.77,0.0,0.23,,,,
llama31,EX,27,2.0,200,,,,,0.92,0.92,1.07,0.465,0.0,0.535,,,,
llama31,EX,31,-1.0,200,,,,,-0.09,-0.09,0.06,0.97,0.0,0.03,,,,
llama31,EX,31,0.0,200,,,,,0.0,0.0,0.15,0.925,0.0,0.075,,,,
llama31,EX,31,1.0,200,,,,,0.76,0.76,0.91,0.545,0.0,0.455,,,,
llama31,EX,31,2.0,200,,,,,0.3199999999999999,0.3199999999999999,0.47,0.765,0.0,0.235,,,,
qwen25,EX,3,-1.0,200,,,,,0.19,0.19,0.51,0.745,0.0,0.255,,,,
qwen25,EX,3,0.0,200,,,,,0.0,0.0,0.32,0.84,0.0,0.16,,,,
qwen25,EX,3,1.0,200,,,,,-0.08,-0.08,0.24,0.88,0.0,0.12,,,,
qwen25,EX,3,2.0,200,,,,,-0.03,-0.03,0.29,0.855,0.0,0.145,,,,
qwen25,EX,7,-1.0,200,,,,,0.3,0.3,0.62,0.69,0.0,0.31,,,,
qwen25,EX,7,0.0,200,,,,,0.0,0.0,0.32,0.84,0.0,0.16,,,,
qwen25,EX,7,1.0,200,,,,,-0.01,-0.01,0.31,0.845,0.0,0.155,,,,
qwen25,EX,7,2.0,200,,,,,0.0399999999999999,0.0399999999999999,0.36,0.82,0.0,0.18,,,,
qwen25,EX,11,-1.0,200,,,,,0.2499999999999999,0.2499999999999999,0.57,0.715,0.0,0.285,,,,
qwen25,EX,11,0.0,200,,,,,0.0,0.0,0.32,0.84,0.0,0.16,,,,
qwen25,EX,11,1.0,200,,,,,0.07,0.07,0.39,0.805,0.0,0.195,,,,
qwen25,EX,11,2.0,200,,,,,0.48,0.48,0.8,0.6,0.0,0.4,,,,
qwen25,EX,15,-1.0,200,,,,,-0.02,-0.02,0.3,0.85,0.0,0.15,,,,
qwen25,EX,15,0.0,200,,,,,0.0,0.0,0.32,0.84,0.0,0.16,,,,
qwen25,EX,15,1.0,200,,,,,0.12,0.12,0.44,0.78,0.0,0.22,,,,
qwen25,EX,15,2.0,200,,,,,0.35,0.35,0.67,0.665,0.0,0.335,,,,
qwen25,EX,19,-1.0,200,,,,,0.08,0.08,0.4,0.8,0.0,0.2,,,,
qwen25,EX,19,0.0,200,,,,,0.0,0.0,0.32,0.84,0.0,0.16,,,,
qwen25,EX,19,1.0,200,,,,,0.0499999999999999,0.0499999999999999,0.37,0.815,0.0,0.185,,,,
qwen25,EX,19,2.0,200,,,,,0.2,0.2,0.52,0.74,0.0,0.26,,,,
qwen25,EX,23,-1.0,200,,,,,-0.09,-0.09,0.23,0.885,0.0,0.115,,,,
qwen25,EX,23,0.0,200,,,,,0.0,0.0,0.32,0.84,0.0,0.16,,,,
qwen25,EX,23,1.0,200,,,,,0.13,0.13,0.45,0.775,0.0,0.225,,,,
qwen25,EX,23,2.0,200,,,,,0.33,0.33,0.65,0.675,0.0,0.325,,,,
qwen25,EX,27,-1.0,200,,,,,-0.06,-0.06,0.26,0.87,0.0,0.13,,,,
qwen25,EX,27,0.0,200,,,,,0.0,0.0,0.32,0.84,0.0,0.16,,,,
qwen25,EX,27,1.0,200,,,,,0.07,0.07,0.39,0.805,0.0,0.195,,,,
qwen25,EX,27,2.0,200,,,,,0.08,0.08,0.4,0.8,0.0,0.2,,,,
mistral7b,EX,3,-1.0,200,,,,,0.0099999999999999,0.0099999999999999,0.03,0.985,0.0,0.015,,,,
mistral7b,EX,3,0.0,200,,,,,0.0,0.0,0.02,0.99,0.0,0.01,,,,
mistral7b,EX,3,1.0,200,,,,,0.0,0.0,0.02,0.99,0.0,0.01,,,,
mistral7b,EX,3,2.0,200,,,,,0.03,0.03,0.05,0.975,0.0,0.025,,,,
mistral7b,EX,7,-1.0,200,,,,,0.0099999999999999,0.0099999999999999,0.03,0.985,0.0,0.015,,,,
mistral7b,EX,7,0.0,200,,,,,0.0,0.0,0.02,0.99,0.0,0.01,,,,
mistral7b,EX,7,1.0,200,,,,,0.0099999999999999,0.0099999999999999,0.03,0.985,0.0,0.015,,,,
mistral7b,EX,7,2.0,200,,,,,0.08,0.08,0.1,0.95,0.0,0.05,,,,
mistral7b,EX,11,-1.0,200,,,,,0.0,0.0,0.02,0.99,0.0,0.01,,,,
mistral7b,EX,11,0.0,200,,,,,0.0,0.0,0.02,0.99,0.0,0.01,,,,
mistral7b,EX,11,1.0,200,,,,,0.0399999999999999,0.0399999999999999,0.06,0.97,0.0,0.03,,,,
mistral7b,EX,11,2.0,200,,,,,0.37,0.37,0.39,0.805,0.0,0.195,,,,
mistral7b,EX,15,-1.0,200,,,,,-0.01,-0.01,0.01,0.995,0.0,0.005,,,,
mistral7b,EX,15,0.0,200,,,,,0.0,0.0,0.02,0.99,0.0,0.01,,,,
mistral7b,EX,15,1.0,200,,,,,0.05,0.05,0.07,0.965,0.0,0.035,,,,
mistral7b,EX,15,2.0,200,,,,,0.6799999999999999,0.6799999999999999,0.7,0.65,0.0,0.35,,,,
mistral7b,EX,19,-1.0,200,,,,,0.0,0.0,0.02,0.99,0.0,0.01,,,,
mistral7b,EX,19,0.0,200,,,,,0.0,0.0,0.02,0.99,0.0,0.01,,,,
mistral7b,EX,19,1.0,200,,,,,0.05,0.05,0.07,0.965,0.0,0.035,,,,
mistral7b,EX,19,2.0,200,,,,,0.14,0.14,0.16,0.92,0.0,0.08,,,,
mistral7b,EX,23,-1.0,200,,,,,-0.01,-0.01,0.01,0.995,0.0,0.005,,,,
mistral7b,EX,23,0.0,200,,,,,0.0,0.0,0.02,0.99,0.0,0.01,,,,
mistral7b,EX,23,1.0,200,,,,,0.05,0.05,0.07,0.965,0.0,0.035,,,,
mistral7b,EX,23,2.0,200,,,,,0.18,0.18,0.2,0.9,0.0,0.1,,,,
mistral7b,EX,27,-1.0,200,,,,,-0.01,-0.01,0.01,0.995,0.0,0.005,,,,
mistral7b,EX,27,0.0,200,,,,,0.0,0.0,0.02,0.99,0.0,0.01,,,,
mistral7b,EX,27,1.0,200,,,,,0.05,0.05,0.07,0.965,0.0,0.035,,,,
mistral7b,EX,27,2.0,200,,,,,0.13,0.13,0.15,0.925,0.0,0.075,,,,
mistral7b,EX,31,-1.0,200,,,,,-0.02,-0.02,0.0,1.0,0.0,0.0,,,,
mistral7b,EX,31,0.0,200,,,,,0.0,0.0,0.02,0.99,0.0,0.01,,,,
mistral7b,EX,31,1.0,200,,,,,-0.02,-0.02,0.0,1.0,0.0,0.0,,,,
mistral7b,EX,31,2.0,200,,,,,-0.02,-0.02,0.0,1.0,0.0,0.0,,,,
llama31,IP,3,-1.0,200,,,,,-0.08,-0.08,,,,,0.38,0.81,0.0,0.19
llama31,IP,3,0.0,200,,,,,0.0,0.0,,,,,0.46,0.77,0.0,0.23
llama31,IP,3,1.0,200,,,,,0.0299999999999999,0.0299999999999999,,,,,0.49,0.755,0.0,0.245
llama31,IP,3,2.0,200,,,,,0.0199999999999999,0.0199999999999999,,,,,0.48,0.76,0.0,0.24
llama31,IP,7,-1.0,200,,,,,-0.06,-0.06,,,,,0.4,0.8,0.0,0.2
llama31,IP,7,0.0,200,,,,,0.0,0.0,,,,,0.46,0.77,0.0,0.23
llama31,IP,7,1.0,200,,,,,0.0299999999999999,0.0299999999999999,,,,,0.49,0.755,0.0,0.245
llama31,IP,7,2.0,200,,,,,0.1,0.1,,,,,0.56,0.72,0.0,0.28
llama31,IP,11,-1.0,200,,,,,-0.09,-0.09,,,,,0.37,0.815,0.0,0.185
llama31,IP,11,0.0,200,,,,,0.0,0.0,,,,,0.46,0.77,0.0,0.23
llama31,IP,11,1.0,200,,,,,0.0199999999999999,0.0199999999999999,,,,,0.48,0.76,0.0,0.24
llama31,IP,11,2.0,200,,,,,0.21,0.21,,,,,0.67,0.665,0.0,0.335
llama31,IP,15,-1.0,200,,,,,-0.18,-0.18,,,,,0.28,0.86,0.0,0.14
llama31,IP,15,0.0,200,,,,,0.0,0.0,,,,,0.46,0.77,0.0,0.23
llama31,IP,15,1.0,200,,,,,0.32,0.32,,,,,0.78,0.61,0.0,0.39
llama31,IP,15,2.0,200,,,,,1.08,1.08,,,,,1.54,0.23,0.0,0.77
llama31,IP,19,-1.0,200,,,,,-0.14,-0.14,,,,,0.32,0.84,0.0,0.16
llama31,IP,19,0.0,200,,,,,0.0,0.0,,,,,0.46,0.77,0.0,0.23
llama31,IP,19,1.0,200,,,,,0.34,0.34,,,,,0.8,0.6,0.0,0.4
llama31,IP,19,2.0,200,,,,,1.05,1.05,,,,,1.51,0.245,0.0,0.755
llama31,IP,23,-1.0,200,,,,,-0.11,-0.11,,,,,0.35,0.825,0.0,0.175
llama31,IP,23,0.0,200,,,,,0.0,0.0,,,,,0.46,0.77,0.0,0.23
llama31,IP,23,1.0,200,,,,,0.19,0.19,,,,,0.65,0.675,0.0,0.325
llama31,IP,23,2.0,200,,,,,0.8300000000000001,0.8300000000000001,,,,,1.29,0.355,0.0,0.645
llama31,IP,27,-1.0,200,,,,,-0.13,-0.13,,,,,0.33,0.835,0.0,0.165
llama31,IP,27,0.0,200,,,,,0.0,0.0,,,,,0.46,0.77,0.0,0.23
llama31,IP,27,1.0,200,,,,,0.1499999999999999,0.1499999999999999,,,,,0.61,0.695,0.0,0.305
llama31,IP,27,2.0,200,,,,,0.6000000000000001,0.6000000000000001,,,,,1.06,0.47,0.0,0.53
llama31,IP,31,-1.0,200,,,,,-0.21,-0.21,,,,,0.25,0.875,0.0,0.125
llama31,IP,31,0.0,200,,,,,0.0,0.0,,,,,0.46,0.77,0.0,0.23
llama31,IP,31,1.0,200,,,,,0.3599999999999999,0.3599999999999999,,,,,0.82,0.59,0.0,0.41
llama31,IP,31,2.0,200,,,,,1.25,1.25,,,,,1.71,0.145,0.0,0.855
qwen25,IP,3,-1.0,200,,,,,0.01,0.01,,,,,0.17,0.915,0.0,0.085
qwen25,IP,3,0.0,200,,,,,0.0,0.0,,,,,0.16,0.92,0.0,0.08
qwen25,IP,3,1.0,200,,,,,0.01,0.01,,,,,0.17,0.915,0.0,0.085
qwen25,IP,3,2.0,200,,,,,0.0799999999999999,0.0799999999999999,,,,,0.24,0.88,0.0,0.12
qwen25,IP,7,-1.0,200,,,,,0.0,0.0,,,,,0.16,0.92,0.0,0.08
qwen25,IP,7,0.0,200,,,,,0.0,0.0,,,,,0.16,0.92,0.0,0.08
qwen25,IP,7,1.0,200,,,,,0.1,0.1,,,,,0.26,0.87,0.0,0.13
qwen25,IP,7,2.0,200,,,,,0.18,0.18,,,,,0.34,0.83,0.0,0.17
qwen25,IP,11,-1.0,200,,,,,-0.01,-0.01,,,,,0.15,0.925,0.0,0.075
qwen25,IP,11,0.0,200,,,,,0.0,0.0,,,,,0.16,0.92,0.0,0.08
qwen25,IP,11,1.0,200,,,,,0.03,0.03,,,,,0.19,0.905,0.0,0.095
qwen25,IP,11,2.0,200,,,,,0.12,0.12,,,,,0.28,0.86,0.0,0.14
qwen25,IP,15,-1.0,200,,,,,-0.0199999999999999,-0.0199999999999999,,,,,0.14,0.93,0.0,0.07
qwen25,IP,15,0.0,200,,,,,0.0,0.0,,,,,0.16,0.92,0.0,0.08
qwen25,IP,15,1.0,200,,,,,0.16,0.16,,,,,0.32,0.84,0.0,0.16
qwen25,IP,15,2.0,200,,,,,0.47,0.47,,,,,0.63,0.685,0.0,0.315
qwen25,IP,19,-1.0,200,,,,,-0.08,-0.08,,,,,0.08,0.96,0.0,0.04
qwen25,IP,19,0.0,200,,,,,0.0,0.0,,,,,0.16,0.92,0.0,0.08
qwen25,IP,19,1.0,200,,,,,0.1899999999999999,0.1899999999999999,,,,,0.35,0.825,0.0,0.175
qwen25,IP,19,2.0,200,,,,,1.06,1.06,,,,,1.22,0.39,0.0,0.61
qwen25,IP,23,-1.0,200,,,,,-0.03,-0.03,,,,,0.13,0.935,0.0,0.065
qwen25,IP,23,0.0,200,,,,,0.0,0.0,,,,,0.16,0.92,0.0,0.08
qwen25,IP,23,1.0,200,,,,,0.1399999999999999,0.1399999999999999,,,,,0.3,0.85,0.0,0.15
qwen25,IP,23,2.0,200,,,,,0.4399999999999999,0.4399999999999999,,,,,0.6,0.7,0.0,0.3
qwen25,IP,27,-1.0,200,,,,,-0.03,-0.03,,,,,0.13,0.935,0.0,0.065
qwen25,IP,27,0.0,200,,,,,0.0,0.0,,,,,0.16,0.92,0.0,0.08
qwen25,IP,27,1.0,200,,,,,0.0,0.0,,,,,0.16,0.92,0.0,0.08
qwen25,IP,27,2.0,200,,,,,0.26,0.26,,,,,0.42,0.79,0.0,0.21
mistral7b,IP,3,-1.0,200,,,,,-0.0399999999999999,-0.0399999999999999,,,,,0.2,0.9,0.0,0.1
mistral7b,IP,3,0.0,200,,,,,0.0,0.0,,,,,0.24,0.88,0.0,0.12
mistral7b,IP,3,1.0,200,,,,,0.0,0.0,,,,,0.24,0.88,0.0,0.12
mistral7b,IP,3,2.0,200,,,,,-0.0099999999999999,-0.0099999999999999,,,,,0.23,0.885,0.0,0.115
mistral7b,IP,7,-1.0,200,,,,,-0.06,-0.06,,,,,0.18,0.91,0.0,0.09
mistral7b,IP,7,0.0,200,,,,,0.0,0.0,,,,,0.24,0.88,0.0,0.12
mistral7b,IP,7,1.0,200,,,,,0.12,0.12,,,,,0.36,0.82,0.0,0.18
mistral7b,IP,7,2.0,200,,,,,0.16,0.16,,,,,0.4,0.8,0.0,0.2
mistral7b,IP,11,-1.0,200,,,,,-0.0499999999999999,-0.0499999999999999,,,,,0.19,0.905,0.0,0.095
mistral7b,IP,11,0.0,200,,,,,0.0,0.0,,,,,0.24,0.88,0.0,0.12
mistral7b,IP,11,1.0,200,,,,,0.1099999999999999,0.1099999999999999,,,,,0.35,0.825,0.0,0.175
mistral7b,IP,11,2.0,200,,,,,0.21,0.21,,,,,0.45,0.775,0.0,0.225
mistral7b,IP,15,-1.0,200,,,,,-0.0799999999999999,-0.0799999999999999,,,,,0.16,0.92,0.0,0.08
mistral7b,IP,15,0.0,200,,,,,0.0,0.0,,,,,0.24,0.88,0.0,0.12
mistral7b,IP,15,1.0,200,,,,,0.35,0.35,,,,,0.59,0.705,0.0,0.295
mistral7b,IP,15,2.0,200,,,,,1.36,1.36,,,,,1.6,0.2,0.0,0.8
mistral7b,IP,19,-1.0,200,,,,,-0.13,-0.13,,,,,0.11,0.945,0.0,0.055
mistral7b,IP,19,0.0,200,,,,,0.0,0.0,,,,,0.24,0.88,0.0,0.12
mistral7b,IP,19,1.0,200,,,,,0.28,0.28,,,,,0.52,0.74,0.0,0.26
mistral7b,IP,19,2.0,200,,,,,1.1,1.1,,,,,1.34,0.33,0.0,0.67
mistral7b,IP,23,-1.0,200,,,,,-0.12,-0.12,,,,,0.12,0.94,0.0,0.06
mistral7b,IP,23,0.0,200,,,,,0.0,0.0,,,,,0.24,0.88,0.0,0.12
mistral7b,IP,23,1.0,200,,,,,0.18,0.18,,,,,0.42,0.79,0.0,0.21
mistral7b,IP,23,2.0,200,,,,,1.0,1.0,,,,,1.24,0.38,0.0,0.62
mistral7b,IP,27,-1.0,200,,,,,-0.13,-0.13,,,,,0.11,0.945,0.0,0.055
mistral7b,IP,27,0.0,200,,,,,0.0,0.0,,,,,0.24,0.88,0.0,0.12
mistral7b,IP,27,1.0,200,,,,,0.1,0.1,,,,,0.34,0.83,0.0,0.17
mistral7b,IP,27,2.0,200,,,,,0.62,0.62,,,,,0.86,0.57,0.0,0.43
mistral7b,IP,31,-1.0,200,,,,,-0.24,-0.24,,,,,0.0,1.0,0.0,0.0
mistral7b,IP,31,0.0,200,,,,,0.0,0.0,,,,,0.24,0.88,0.0,0.12
mistral7b,IP,31,1.0,200,,,,,1.21,1.21,,,,,1.45,0.275,0.0,0.725
mistral7b,IP,31,2.0,200,,,,,0.8800000000000001,0.8800000000000001,,,,,1.12,0.44,0.0,0.56
